0,1,2
[object Object],[object Object],[object Object]
[object Object],[object Object],[object Object]
[object Object],[object Object],[object Object]
[object Object],[object Object],[object Object]
[object Object],[object Object],[object Object]
[object Object],[object Object],[object Object]
[object Object],[object Object],[object Object]
[object Object],[object Object],[object Object]
[object Object],[object Object],[object Object]
[object Object],[object Object],[object Object]
[object Object],[object Object],[object Object]
[object Object],[object Object],[object Object]
[object Object],[object Object],[object Object]
[object Object],[object Object],[object Object]
[object Object],[object Object],[object Object]
[object Object],[object Object],[object Object]
[object Object],[object Object],[object Object]
[object Object],[object Object],[object Object]
[object Object],[object Object],[object Object]
[object Object],[object Object],[object Object]
[object Object],[object Object],[object Object]
[object Object],[object Object],[object Object]
[object Object],[object Object],[object Object]
[object Object],[object Object],[object Object]
[object Object],[object Object],[object Object]
[object Object],[object Object],[object Object]
